CycleGAN_TensorFlow/input/forest2deforest/trainA/for85.jpg,CycleGAN_TensorFlow/input/forest2deforest/trainB/gettyimages-679099076-2048x2048.jpg
CycleGAN_TensorFlow/input/forest2deforest/trainA/for52.jpg,CycleGAN_TensorFlow/input/forest2deforest/trainB/gettyimages-162912600-2048x2048.jpg
CycleGAN_TensorFlow/input/forest2deforest/trainA/bost103.jpg,CycleGAN_TensorFlow/input/forest2deforest/trainB/gettyimages-115951591-2048x2048.jpg
CycleGAN_TensorFlow/input/forest2deforest/trainA/nat146.jpg,CycleGAN_TensorFlow/input/forest2deforest/trainB/gettyimages-888361942-2048x2048.jpg
CycleGAN_TensorFlow/input/forest2deforest/trainA/cdmc430.jpg,CycleGAN_TensorFlow/input/forest2deforest/trainB/gettyimages-522877233-2048x2048.jpg
CycleGAN_TensorFlow/input/forest2deforest/trainA/nat147.jpg,CycleGAN_TensorFlow/input/forest2deforest/trainB/gettyimages-869122836-2048x2048.jpg
CycleGAN_TensorFlow/input/forest2deforest/trainA/bost102.jpg,CycleGAN_TensorFlow/input/forest2deforest/trainB/gettyimages-997674492-2048x2048.jpg
CycleGAN_TensorFlow/input/forest2deforest/trainA/for47.jpg,CycleGAN_TensorFlow/input/forest2deforest/trainB/gettyimages-457249010-2048x2048.jpg
CycleGAN_TensorFlow/input/forest2deforest/trainA/for84.jpg,CycleGAN_TensorFlow/input/forest2deforest/trainB/gettyimages-1072548860-2048x2048.jpg
CycleGAN_TensorFlow/input/forest2deforest/trainA/land215.jpg,CycleGAN_TensorFlow/input/forest2deforest/trainB/gettyimages-523641236-2048x2048.jpg
CycleGAN_TensorFlow/input/forest2deforest/trainA/nat219.jpg,CycleGAN_TensorFlow/input/forest2deforest/trainB/gettyimages-932946844-2048x2048.jpg
CycleGAN_TensorFlow/input/forest2deforest/trainA/natu396.jpg,CycleGAN_TensorFlow/input/forest2deforest/trainB/gettyimages-760286911-2048x2048.jpg
CycleGAN_TensorFlow/input/forest2deforest/trainA/for121.jpg,CycleGAN_TensorFlow/input/forest2deforest/trainB/gettyimages-964712744-2048x2048.jpg
CycleGAN_TensorFlow/input/forest2deforest/trainA/land765.jpg,CycleGAN_TensorFlow/input/forest2deforest/trainB/gettyimages-899890710-2048x2048.jpg
CycleGAN_TensorFlow/input/forest2deforest/trainA/natu425.jpg,CycleGAN_TensorFlow/input/forest2deforest/trainB/gettyimages-997679260-2048x2048.jpg
CycleGAN_TensorFlow/input/forest2deforest/trainA/for137.jpg,CycleGAN_TensorFlow/input/forest2deforest/trainB/gettyimages-115959126-2048x2048.jpg
CycleGAN_TensorFlow/input/forest2deforest/trainA/land217.jpg,CycleGAN_TensorFlow/input/forest2deforest/trainB/gettyimages-982369772-2048x2048.jpg
CycleGAN_TensorFlow/input/forest2deforest/trainA/nat1027.jpg,CycleGAN_TensorFlow/input/forest2deforest/trainB/gettyimages-959481608-2048x2048.jpg
CycleGAN_TensorFlow/input/forest2deforest/trainA/natu169.jpg,CycleGAN_TensorFlow/input/forest2deforest/trainB/gettyimages-148045862-2048x2048.jpg
CycleGAN_TensorFlow/input/forest2deforest/trainA/for86.jpg,CycleGAN_TensorFlow/input/forest2deforest/trainB/gettyimages-165855471-2048x2048.jpg
CycleGAN_TensorFlow/input/forest2deforest/trainA/nat1033.jpg,CycleGAN_TensorFlow/input/forest2deforest/trainB/gettyimages-861414508-2048x2048.jpg
CycleGAN_TensorFlow/input/forest2deforest/trainA/for79.jpg,CycleGAN_TensorFlow/input/forest2deforest/trainB/gettyimages-115949132-2048x2048.jpg
CycleGAN_TensorFlow/input/forest2deforest/trainA/land377.jpg,CycleGAN_TensorFlow/input/forest2deforest/trainB/gettyimages-539236037-2048x2048.jpg
CycleGAN_TensorFlow/input/forest2deforest/trainA/bost100.jpg,CycleGAN_TensorFlow/input/forest2deforest/trainB/gettyimages-78052732-2048x2048.jpg
CycleGAN_TensorFlow/input/forest2deforest/trainA/nat623.jpg,CycleGAN_TensorFlow/input/forest2deforest/trainB/gettyimages-98261961-2048x2048.jpg
CycleGAN_TensorFlow/input/forest2deforest/trainA/nat145.jpg,CycleGAN_TensorFlow/input/forest2deforest/trainB/gettyimages-170034365-2048x2048.jpg
CycleGAN_TensorFlow/input/forest2deforest/trainA/nat1184.jpg,CycleGAN_TensorFlow/input/forest2deforest/trainB/gettyimages-165513132-2048x2048.jpg
CycleGAN_TensorFlow/input/forest2deforest/trainA/cdmc368.jpg,CycleGAN_TensorFlow/input/forest2deforest/trainB/gettyimages-116175094-2048x2048.jpg
CycleGAN_TensorFlow/input/forest2deforest/trainA/nat347.jpg,CycleGAN_TensorFlow/input/forest2deforest/trainB/gettyimages-562405181-2048x2048.jpg
CycleGAN_TensorFlow/input/forest2deforest/trainA/land809.jpg,CycleGAN_TensorFlow/input/forest2deforest/trainB/gettyimages-1070042232-2048x2048.jpg
CycleGAN_TensorFlow/input/forest2deforest/trainA/bost101.jpg,CycleGAN_TensorFlow/input/forest2deforest/trainB/gettyimages-113218543-2048x2048.jpg
CycleGAN_TensorFlow/input/forest2deforest/trainA/land376.jpg,CycleGAN_TensorFlow/input/forest2deforest/trainB/gettyimages-91090755-2048x2048.jpg
CycleGAN_TensorFlow/input/forest2deforest/trainA/for44.jpg,CycleGAN_TensorFlow/input/forest2deforest/trainB/gettyimages-462437570-2048x2048.jpg
CycleGAN_TensorFlow/input/forest2deforest/trainA/for3.jpg,CycleGAN_TensorFlow/input/forest2deforest/trainB/gettyimages-803571800-2048x2048.jpg
CycleGAN_TensorFlow/input/forest2deforest/trainA/for50.jpg,CycleGAN_TensorFlow/input/forest2deforest/trainB/gettyimages-627792180-2048x2048.jpg
CycleGAN_TensorFlow/input/forest2deforest/trainA/for78.jpg,CycleGAN_TensorFlow/input/forest2deforest/trainB/gettyimages-944238886-2048x2048.jpg
CycleGAN_TensorFlow/input/forest2deforest/trainA/for87.jpg,CycleGAN_TensorFlow/input/forest2deforest/trainB/gettyimages-117016345-2048x2048.jpg
CycleGAN_TensorFlow/input/forest2deforest/trainA/for93.jpg,CycleGAN_TensorFlow/input/forest2deforest/trainB/gettyimages-116383317-2048x2048.jpg
CycleGAN_TensorFlow/input/forest2deforest/trainA/cdmc547.jpg,CycleGAN_TensorFlow/input/forest2deforest/trainB/gettyimages-172230290-2048x2048.jpg
CycleGAN_TensorFlow/input/forest2deforest/trainA/for136.jpg,CycleGAN_TensorFlow/input/forest2deforest/trainB/gettyimages-500636285-2048x2048.jpg
CycleGAN_TensorFlow/input/forest2deforest/trainA/natu430.jpg,CycleGAN_TensorFlow/input/forest2deforest/trainB/gettyimages-174624338-2048x2048.jpg
CycleGAN_TensorFlow/input/forest2deforest/trainA/natu424.jpg,CycleGAN_TensorFlow/input/forest2deforest/trainB/gettyimages-158650811-2048x2048.jpg
CycleGAN_TensorFlow/input/forest2deforest/trainA/for132.jpg,CycleGAN_TensorFlow/input/forest2deforest/trainB/gettyimages-532970068-2048x2048.jpg
CycleGAN_TensorFlow/input/forest2deforest/trainA/cdmc351.jpg,CycleGAN_TensorFlow/input/forest2deforest/trainB/gettyimages-753911687-2048x2048.jpg
CycleGAN_TensorFlow/input/forest2deforest/trainA/cdmc344.jpg,CycleGAN_TensorFlow/input/forest2deforest/trainB/gettyimages-952042466-2048x2048.jpg
CycleGAN_TensorFlow/input/forest2deforest/trainA/land159.jpg,CycleGAN_TensorFlow/input/forest2deforest/trainB/gettyimages-543729364-2048x2048.jpg
CycleGAN_TensorFlow/input/forest2deforest/trainA/natu794.jpg,CycleGAN_TensorFlow/input/forest2deforest/trainB/gettyimages-861414566-2048x2048.jpg
CycleGAN_TensorFlow/input/forest2deforest/trainA/cdmc12.jpg,CycleGAN_TensorFlow/input/forest2deforest/trainB/gettyimages-866909022-2048x2048.jpg
CycleGAN_TensorFlow/input/forest2deforest/trainA/for82.jpg,CycleGAN_TensorFlow/input/forest2deforest/trainB/gettyimages-172332052-2048x2048.jpg
CycleGAN_TensorFlow/input/forest2deforest/trainA/for96.jpg,CycleGAN_TensorFlow/input/forest2deforest/trainB/gettyimages-803571810-2048x2048.jpg
CycleGAN_TensorFlow/input/forest2deforest/trainA/nat223.jpg,CycleGAN_TensorFlow/input/forest2deforest/trainB/gettyimages-1077163102-2048x2048.jpg
CycleGAN_TensorFlow/input/forest2deforest/trainA/cdmc556.jpg,CycleGAN_TensorFlow/input/forest2deforest/trainB/gettyimages-462437560-2048x2048.jpg
CycleGAN_TensorFlow/input/forest2deforest/trainA/for127.jpg,CycleGAN_TensorFlow/input/forest2deforest/trainB/gettyimages-981949180-2048x2048.jpg
CycleGAN_TensorFlow/input/forest2deforest/trainA/for119.jpg,CycleGAN_TensorFlow/input/forest2deforest/trainB/gettyimages-1069691154-2048x2048.jpg
CycleGAN_TensorFlow/input/forest2deforest/trainA/natu423.jpg,CycleGAN_TensorFlow/input/forest2deforest/trainB/gettyimages-919452424-2048x2048.jpg
CycleGAN_TensorFlow/input/forest2deforest/trainA/nat209.jpg,CycleGAN_TensorFlow/input/forest2deforest/trainB/gettyimages-692955783-2048x2048.jpg
CycleGAN_TensorFlow/input/forest2deforest/trainA/nat221.jpg,CycleGAN_TensorFlow/input/forest2deforest/trainB/gettyimages-115956681-2048x2048.jpg
CycleGAN_TensorFlow/input/forest2deforest/trainA/nat619.jpg,CycleGAN_TensorFlow/input/forest2deforest/trainB/gettyimages-154948938-2048x2048.jpg
CycleGAN_TensorFlow/input/forest2deforest/trainA/natc12.jpg,CycleGAN_TensorFlow/input/forest2deforest/trainB/gettyimages-123252122-2048x2048.jpg
CycleGAN_TensorFlow/input/forest2deforest/trainA/cdmc385.jpg,CycleGAN_TensorFlow/input/forest2deforest/trainB/gettyimages-172166662-2048x2048.jpg
CycleGAN_TensorFlow/input/forest2deforest/trainA/cdmc352.jpg,CycleGAN_TensorFlow/input/forest2deforest/trainB/gettyimages-803531430-2048x2048.jpg
CycleGAN_TensorFlow/input/forest2deforest/trainA/nat354.jpg,CycleGAN_TensorFlow/input/forest2deforest/trainB/gettyimages-1011305192-2048x2048.jpg
CycleGAN_TensorFlow/input/forest2deforest/trainA/natc13.jpg,CycleGAN_TensorFlow/input/forest2deforest/trainB/gettyimages-180441486-2048x2048.jpg
CycleGAN_TensorFlow/input/forest2deforest/trainA/natc4.jpg,CycleGAN_TensorFlow/input/forest2deforest/trainB/gettyimages-885378036-2048x2048.jpg
CycleGAN_TensorFlow/input/forest2deforest/trainA/for42.jpg,CycleGAN_TensorFlow/input/forest2deforest/trainB/gettyimages-869462600-2048x2048.jpg
CycleGAN_TensorFlow/input/forest2deforest/trainA/natu634.jpg,CycleGAN_TensorFlow/input/forest2deforest/trainB/gettyimages-72328910-2048x2048.jpg
CycleGAN_TensorFlow/input/forest2deforest/trainA/for95.jpg,CycleGAN_TensorFlow/input/forest2deforest/trainB/gettyimages-108279104-2048x2048.jpg
CycleGAN_TensorFlow/input/forest2deforest/trainA/nat220.jpg,CycleGAN_TensorFlow/input/forest2deforest/trainB/gettyimages-1072438388-2048x2048.jpg
CycleGAN_TensorFlow/input/forest2deforest/trainA/nat208.jpg,CycleGAN_TensorFlow/input/forest2deforest/trainB/gettyimages-86484234-2048x2048.jpg
CycleGAN_TensorFlow/input/forest2deforest/trainA/land760.jpg,CycleGAN_TensorFlow/input/forest2deforest/trainB/gettyimages-155369146-2048x2048.jpg
CycleGAN_TensorFlow/input/forest2deforest/trainA/for130.jpg,CycleGAN_TensorFlow/input/forest2deforest/trainB/gettyimages-1061387552-2048x2048.jpg
CycleGAN_TensorFlow/input/forest2deforest/trainA/natu31.jpg,CycleGAN_TensorFlow/input/forest2deforest/trainB/gettyimages-457249098-2048x2048.jpg
CycleGAN_TensorFlow/input/forest2deforest/trainA/for157.jpg,CycleGAN_TensorFlow/input/forest2deforest/trainB/gettyimages-90111445-2048x2048.jpg
CycleGAN_TensorFlow/input/forest2deforest/trainA/cdmc283.jpg,CycleGAN_TensorFlow/input/forest2deforest/trainB/gettyimages-172356558-2048x2048.jpg
CycleGAN_TensorFlow/input/forest2deforest/trainA/for143.jpg,CycleGAN_TensorFlow/input/forest2deforest/trainB/gettyimages-915402754-2048x2048.jpg
CycleGAN_TensorFlow/input/forest2deforest/trainA/natu848.jpg,CycleGAN_TensorFlow/input/forest2deforest/trainB/gettyimages-655648754-2048x2048.jpg
CycleGAN_TensorFlow/input/forest2deforest/trainA/for25.jpg,CycleGAN_TensorFlow/input/forest2deforest/trainB/gettyimages-739381069-2048x2048.jpg
CycleGAN_TensorFlow/input/forest2deforest/trainA/natu860.jpg,CycleGAN_TensorFlow/input/forest2deforest/trainB/gettyimages-155148292-2048x2048.jpg
CycleGAN_TensorFlow/input/forest2deforest/trainA/nat1127.jpg,CycleGAN_TensorFlow/input/forest2deforest/trainB/gettyimages-172362987-2048x2048.jpg
CycleGAN_TensorFlow/input/forest2deforest/trainA/land854.jpg,CycleGAN_TensorFlow/input/forest2deforest/trainB/gettyimages-514445875-2048x2048.jpg
CycleGAN_TensorFlow/input/forest2deforest/trainA/nat468.jpg,CycleGAN_TensorFlow/input/forest2deforest/trainB/gettyimages-926966334-2048x2048.jpg
CycleGAN_TensorFlow/input/forest2deforest/trainA/land869.jpg,CycleGAN_TensorFlow/input/forest2deforest/trainB/gettyimages-960857248-2048x2048.jpg
CycleGAN_TensorFlow/input/forest2deforest/trainA/natc49.jpg,CycleGAN_TensorFlow/input/forest2deforest/trainB/gettyimages-84297386-2048x2048.jpg
CycleGAN_TensorFlow/input/forest2deforest/trainA/nat130.jpg,CycleGAN_TensorFlow/input/forest2deforest/trainB/gettyimages-462437532-2048x2048.jpg
CycleGAN_TensorFlow/input/forest2deforest/trainA/cdmc533.jpg,CycleGAN_TensorFlow/input/forest2deforest/trainB/gettyimages-462376826-2048x2048.jpg
CycleGAN_TensorFlow/input/forest2deforest/trainA/for142.jpg,CycleGAN_TensorFlow/input/forest2deforest/trainB/gettyimages-724349137-2048x2048.jpg
CycleGAN_TensorFlow/input/forest2deforest/trainA/cdmc282.jpg,CycleGAN_TensorFlow/input/forest2deforest/trainB/gettyimages-108174901-2048x2048.jpg
CycleGAN_TensorFlow/input/forest2deforest/trainA/natu322.jpg,CycleGAN_TensorFlow/input/forest2deforest/trainB/gettyimages-647347451-2048x2048.jpg
CycleGAN_TensorFlow/input/forest2deforest/trainA/natu18.jpg,CycleGAN_TensorFlow/input/forest2deforest/trainB/gettyimages-960985658-2048x2048.jpg
CycleGAN_TensorFlow/input/forest2deforest/trainA/natu26.jpg,CycleGAN_TensorFlow/input/forest2deforest/trainB/gettyimages-457249038-2048x2048.jpg
CycleGAN_TensorFlow/input/forest2deforest/trainA/cdmc280.jpg,CycleGAN_TensorFlow/input/forest2deforest/trainB/gettyimages-108279109-2048x2048.jpg
CycleGAN_TensorFlow/input/forest2deforest/trainA/natu308.jpg,CycleGAN_TensorFlow/input/forest2deforest/trainB/gettyimages-474928137-2048x2048.jpg
CycleGAN_TensorFlow/input/forest2deforest/trainA/for32.jpg,CycleGAN_TensorFlow/input/forest2deforest/trainB/gettyimages-116354999-2048x2048.jpg
CycleGAN_TensorFlow/input/forest2deforest/trainA/natu863.jpg,CycleGAN_TensorFlow/input/forest2deforest/trainB/gettyimages-959485258-2048x2048.jpg
CycleGAN_TensorFlow/input/forest2deforest/trainA/nat697.jpg,CycleGAN_TensorFlow/input/forest2deforest/trainB/gettyimages-546212211-2048x2048.jpg
CycleGAN_TensorFlow/input/forest2deforest/trainA/land314.jpg,CycleGAN_TensorFlow/input/forest2deforest/trainB/gettyimages-157482383-2048x2048.jpg
CycleGAN_TensorFlow/input/forest2deforest/trainA/nat867.jpg,CycleGAN_TensorFlow/input/forest2deforest/trainB/gettyimages-115969525-2048x2048.jpg
CycleGAN_TensorFlow/input/forest2deforest/trainA/land102.jpg,CycleGAN_TensorFlow/input/forest2deforest/trainB/gettyimages-514828410-2048x2048.jpg
CycleGAN_TensorFlow/input/forest2deforest/trainA/nat442.jpg,CycleGAN_TensorFlow/input/forest2deforest/trainB/gettyimages-1074282038-2048x2048.jpg
CycleGAN_TensorFlow/input/forest2deforest/trainA/nat324.jpg,CycleGAN_TensorFlow/input/forest2deforest/trainB/gettyimages-517985328-2048x2048.jpg
CycleGAN_TensorFlow/input/forest2deforest/trainA/cdmc451.jpg,CycleGAN_TensorFlow/input/forest2deforest/trainB/gettyimages-553396163-2048x2048.jpg
CycleGAN_TensorFlow/input/forest2deforest/trainA/nat325.jpg,CycleGAN_TensorFlow/input/forest2deforest/trainB/gettyimages-767999919-2048x2048.jpg
CycleGAN_TensorFlow/input/forest2deforest/trainA/nat1131.jpg,CycleGAN_TensorFlow/input/forest2deforest/trainB/gettyimages-861414484-2048x2048.jpg
CycleGAN_TensorFlow/input/forest2deforest/trainA/for27.jpg,CycleGAN_TensorFlow/input/forest2deforest/trainB/gettyimages-452167580-2048x2048.jpg
CycleGAN_TensorFlow/input/forest2deforest/trainA/land922.jpg,CycleGAN_TensorFlow/input/forest2deforest/trainB/gettyimages-113861139-2048x2048.jpg
CycleGAN_TensorFlow/input/forest2deforest/trainA/nat1253.jpg,CycleGAN_TensorFlow/input/forest2deforest/trainB/gettyimages-452167584-2048x2048.jpg
CycleGAN_TensorFlow/input/forest2deforest/trainA/cdmc281.jpg,CycleGAN_TensorFlow/input/forest2deforest/trainB/gettyimages-530054705-2048x2048.jpg
CycleGAN_TensorFlow/input/forest2deforest/trainA/nat286.jpg,CycleGAN_TensorFlow/input/forest2deforest/trainB/gettyimages-608984671-2048x2048.jpg
CycleGAN_TensorFlow/input/forest2deforest/trainA/cdmc291.jpg,CycleGAN_TensorFlow/input/forest2deforest/trainB/gettyimages-679099076-2048x2048.jpg
CycleGAN_TensorFlow/input/forest2deforest/trainA/for151.jpg,CycleGAN_TensorFlow/input/forest2deforest/trainB/gettyimages-162912600-2048x2048.jpg
CycleGAN_TensorFlow/input/forest2deforest/trainA/natu325.jpg,CycleGAN_TensorFlow/input/forest2deforest/trainB/gettyimages-115951591-2048x2048.jpg
CycleGAN_TensorFlow/input/forest2deforest/trainA/natu443.jpg,CycleGAN_TensorFlow/input/forest2deforest/trainB/gettyimages-888361942-2048x2048.jpg
CycleGAN_TensorFlow/input/forest2deforest/trainA/land503.jpg,CycleGAN_TensorFlow/input/forest2deforest/trainB/gettyimages-522877233-2048x2048.jpg
CycleGAN_TensorFlow/input/forest2deforest/trainA/natu866.jpg,CycleGAN_TensorFlow/input/forest2deforest/trainB/gettyimages-869122836-2048x2048.jpg
CycleGAN_TensorFlow/input/forest2deforest/trainA/nat719.jpg,CycleGAN_TensorFlow/input/forest2deforest/trainB/gettyimages-997674492-2048x2048.jpg
CycleGAN_TensorFlow/input/forest2deforest/trainA/natu696.jpg,CycleGAN_TensorFlow/input/forest2deforest/trainB/gettyimages-457249010-2048x2048.jpg
CycleGAN_TensorFlow/input/forest2deforest/trainA/land107.jpg,CycleGAN_TensorFlow/input/forest2deforest/trainB/gettyimages-1072548860-2048x2048.jpg
CycleGAN_TensorFlow/input/forest2deforest/trainA/land852.jpg,CycleGAN_TensorFlow/input/forest2deforest/trainB/gettyimages-523641236-2048x2048.jpg
CycleGAN_TensorFlow/input/forest2deforest/trainA/nat452.jpg,CycleGAN_TensorFlow/input/forest2deforest/trainB/gettyimages-932946844-2048x2048.jpg
CycleGAN_TensorFlow/input/forest2deforest/trainA/cdmc333.jpg,CycleGAN_TensorFlow/input/forest2deforest/trainB/gettyimages-760286911-2048x2048.jpg
CycleGAN_TensorFlow/input/forest2deforest/trainA/natu913.jpg,CycleGAN_TensorFlow/input/forest2deforest/trainB/gettyimages-964712744-2048x2048.jpg
CycleGAN_TensorFlow/input/forest2deforest/trainA/for22.jpg,CycleGAN_TensorFlow/input/forest2deforest/trainB/gettyimages-899890710-2048x2048.jpg
CycleGAN_TensorFlow/input/forest2deforest/trainA/nat1097.jpg,CycleGAN_TensorFlow/input/forest2deforest/trainB/gettyimages-997679260-2048x2048.jpg
CycleGAN_TensorFlow/input/forest2deforest/trainA/land81.jpg,CycleGAN_TensorFlow/input/forest2deforest/trainB/gettyimages-115959126-2048x2048.jpg
CycleGAN_TensorFlow/input/forest2deforest/trainA/natu898.jpg,CycleGAN_TensorFlow/input/forest2deforest/trainB/gettyimages-982369772-2048x2048.jpg
CycleGAN_TensorFlow/input/forest2deforest/trainA/cdmc290.jpg,CycleGAN_TensorFlow/input/forest2deforest/trainB/gettyimages-959481608-2048x2048.jpg
CycleGAN_TensorFlow/input/forest2deforest/trainA/cdmc284.jpg,CycleGAN_TensorFlow/input/forest2deforest/trainB/gettyimages-148045862-2048x2048.jpg
CycleGAN_TensorFlow/input/forest2deforest/trainA/nat1242.jpg,CycleGAN_TensorFlow/input/forest2deforest/trainB/gettyimages-165855471-2048x2048.jpg
CycleGAN_TensorFlow/input/forest2deforest/trainA/cdmc292.jpg,CycleGAN_TensorFlow/input/forest2deforest/trainB/gettyimages-861414508-2048x2048.jpg
CycleGAN_TensorFlow/input/forest2deforest/trainA/for146.jpg,CycleGAN_TensorFlow/input/forest2deforest/trainB/gettyimages-115949132-2048x2048.jpg
CycleGAN_TensorFlow/input/forest2deforest/trainA/nat281.jpg,CycleGAN_TensorFlow/input/forest2deforest/trainB/gettyimages-539236037-2048x2048.jpg
CycleGAN_TensorFlow/input/forest2deforest/trainA/natu440.jpg,CycleGAN_TensorFlow/input/forest2deforest/trainB/gettyimages-78052732-2048x2048.jpg
CycleGAN_TensorFlow/input/forest2deforest/trainA/nat1095.jpg,CycleGAN_TensorFlow/input/forest2deforest/trainB/gettyimages-98261961-2048x2048.jpg
CycleGAN_TensorFlow/input/forest2deforest/trainA/natu871.jpg,CycleGAN_TensorFlow/input/forest2deforest/trainB/gettyimages-170034365-2048x2048.jpg
CycleGAN_TensorFlow/input/forest2deforest/trainA/for20.jpg,CycleGAN_TensorFlow/input/forest2deforest/trainB/gettyimages-165513132-2048x2048.jpg
CycleGAN_TensorFlow/input/forest2deforest/trainA/cdmc494.jpg,CycleGAN_TensorFlow/input/forest2deforest/trainB/gettyimages-116175094-2048x2048.jpg
CycleGAN_TensorFlow/input/forest2deforest/trainA/cdmc331.jpg,CycleGAN_TensorFlow/input/forest2deforest/trainB/gettyimages-562405181-2048x2048.jpg
CycleGAN_TensorFlow/input/forest2deforest/trainA/cdmc319.jpg,CycleGAN_TensorFlow/input/forest2deforest/trainB/gettyimages-1070042232-2048x2048.jpg
CycleGAN_TensorFlow/input/forest2deforest/trainA/nat450.jpg,CycleGAN_TensorFlow/input/forest2deforest/trainB/gettyimages-113218543-2048x2048.jpg
CycleGAN_TensorFlow/input/forest2deforest/trainA/nat337.jpg,CycleGAN_TensorFlow/input/forest2deforest/trainB/gettyimages-91090755-2048x2048.jpg
CycleGAN_TensorFlow/input/forest2deforest/trainA/cdmc318.jpg,CycleGAN_TensorFlow/input/forest2deforest/trainB/gettyimages-462437570-2048x2048.jpg
CycleGAN_TensorFlow/input/forest2deforest/trainA/nat451.jpg,CycleGAN_TensorFlow/input/forest2deforest/trainB/gettyimages-803571800-2048x2048.jpg
CycleGAN_TensorFlow/input/forest2deforest/trainA/land850.jpg,CycleGAN_TensorFlow/input/forest2deforest/trainB/gettyimages-627792180-2048x2048.jpg
CycleGAN_TensorFlow/input/forest2deforest/trainA/natu723.jpg,CycleGAN_TensorFlow/input/forest2deforest/trainB/gettyimages-944238886-2048x2048.jpg
CycleGAN_TensorFlow/input/forest2deforest/trainA/natu870.jpg,CycleGAN_TensorFlow/input/forest2deforest/trainB/gettyimages-117016345-2048x2048.jpg
CycleGAN_TensorFlow/input/forest2deforest/trainA/cdmc278.jpg,CycleGAN_TensorFlow/input/forest2deforest/trainB/gettyimages-116383317-2048x2048.jpg
CycleGAN_TensorFlow/input/forest2deforest/trainA/natu441.jpg,CycleGAN_TensorFlow/input/forest2deforest/trainB/gettyimages-172230290-2048x2048.jpg
CycleGAN_TensorFlow/input/forest2deforest/trainA/for153.jpg,CycleGAN_TensorFlow/input/forest2deforest/trainB/gettyimages-500636285-2048x2048.jpg
CycleGAN_TensorFlow/input/forest2deforest/trainA/cdmc293.jpg,CycleGAN_TensorFlow/input/forest2deforest/trainB/gettyimages-174624338-2048x2048.jpg
CycleGAN_TensorFlow/input/forest2deforest/trainA/land726.jpg,CycleGAN_TensorFlow/input/forest2deforest/trainB/gettyimages-158650811-2048x2048.jpg
CycleGAN_TensorFlow/input/forest2deforest/trainA/nat266.jpg,CycleGAN_TensorFlow/input/forest2deforest/trainB/gettyimages-532970068-2048x2048.jpg
CycleGAN_TensorFlow/input/forest2deforest/trainA/cdmc507.jpg,CycleGAN_TensorFlow/input/forest2deforest/trainB/gettyimages-753911687-2048x2048.jpg
CycleGAN_TensorFlow/input/forest2deforest/trainA/for38.jpg,CycleGAN_TensorFlow/input/forest2deforest/trainB/gettyimages-952042466-2048x2048.jpg
CycleGAN_TensorFlow/input/forest2deforest/trainA/natu869.jpg,CycleGAN_TensorFlow/input/forest2deforest/trainB/gettyimages-543729364-2048x2048.jpg
CycleGAN_TensorFlow/input/forest2deforest/trainA/land64.jpg,CycleGAN_TensorFlow/input/forest2deforest/trainB/gettyimages-861414566-2048x2048.jpg
CycleGAN_TensorFlow/input/forest2deforest/trainA/nat851.jpg,CycleGAN_TensorFlow/input/forest2deforest/trainB/gettyimages-866909022-2048x2048.jpg
CycleGAN_TensorFlow/input/forest2deforest/trainA/nat312.jpg,CycleGAN_TensorFlow/input/forest2deforest/trainB/gettyimages-172332052-2048x2048.jpg
CycleGAN_TensorFlow/input/forest2deforest/trainA/land849.jpg,CycleGAN_TensorFlow/input/forest2deforest/trainB/gettyimages-803571810-2048x2048.jpg
CycleGAN_TensorFlow/input/forest2deforest/trainA/cdmc315.jpg,CycleGAN_TensorFlow/input/forest2deforest/trainB/gettyimages-1077163102-2048x2048.jpg
CycleGAN_TensorFlow/input/forest2deforest/trainA/land861.jpg,CycleGAN_TensorFlow/input/forest2deforest/trainB/gettyimages-462437560-2048x2048.jpg
CycleGAN_TensorFlow/input/forest2deforest/trainA/nat449.jpg,CycleGAN_TensorFlow/input/forest2deforest/trainB/gettyimages-981949180-2048x2048.jpg
CycleGAN_TensorFlow/input/forest2deforest/trainA/natu934.jpg,CycleGAN_TensorFlow/input/forest2deforest/trainB/gettyimages-1069691154-2048x2048.jpg
CycleGAN_TensorFlow/input/forest2deforest/trainA/natu707.jpg,CycleGAN_TensorFlow/input/forest2deforest/trainB/gettyimages-919452424-2048x2048.jpg
CycleGAN_TensorFlow/input/forest2deforest/trainA/nat717.jpg,CycleGAN_TensorFlow/input/forest2deforest/trainB/gettyimages-692955783-2048x2048.jpg
CycleGAN_TensorFlow/input/forest2deforest/trainA/land243.jpg,CycleGAN_TensorFlow/input/forest2deforest/trainB/gettyimages-115956681-2048x2048.jpg
CycleGAN_TensorFlow/input/forest2deforest/trainA/land733.jpg,CycleGAN_TensorFlow/input/forest2deforest/trainB/gettyimages-154948938-2048x2048.jpg
CycleGAN_TensorFlow/input/forest2deforest/trainA/natu317.jpg,CycleGAN_TensorFlow/input/forest2deforest/trainB/gettyimages-123252122-2048x2048.jpg
CycleGAN_TensorFlow/input/forest2deforest/trainA/land727.jpg,CycleGAN_TensorFlow/input/forest2deforest/trainB/gettyimages-172166662-2048x2048.jpg
CycleGAN_TensorFlow/input/forest2deforest/trainA/for149.jpg,CycleGAN_TensorFlow/input/forest2deforest/trainB/gettyimages-803531430-2048x2048.jpg
CycleGAN_TensorFlow/input/forest2deforest/trainA/natu895.jpg,CycleGAN_TensorFlow/input/forest2deforest/trainB/gettyimages-1011305192-2048x2048.jpg
CycleGAN_TensorFlow/input/forest2deforest/trainA/nat715.jpg,CycleGAN_TensorFlow/input/forest2deforest/trainB/gettyimages-180441486-2048x2048.jpg
CycleGAN_TensorFlow/input/forest2deforest/trainA/land335.jpg,CycleGAN_TensorFlow/input/forest2deforest/trainB/gettyimages-885378036-2048x2048.jpg
CycleGAN_TensorFlow/input/forest2deforest/trainA/cdmc458.jpg,CycleGAN_TensorFlow/input/forest2deforest/trainB/gettyimages-869462600-2048x2048.jpg
CycleGAN_TensorFlow/input/forest2deforest/trainA/land862.jpg,CycleGAN_TensorFlow/input/forest2deforest/trainB/gettyimages-72328910-2048x2048.jpg
CycleGAN_TensorFlow/input/forest2deforest/trainA/land863.jpg,CycleGAN_TensorFlow/input/forest2deforest/trainB/gettyimages-108279104-2048x2048.jpg
CycleGAN_TensorFlow/input/forest2deforest/trainA/cdmc317.jpg,CycleGAN_TensorFlow/input/forest2deforest/trainB/gettyimages-1072438388-2048x2048.jpg
CycleGAN_TensorFlow/input/forest2deforest/trainA/nat338.jpg,CycleGAN_TensorFlow/input/forest2deforest/trainB/gettyimages-86484234-2048x2048.jpg
CycleGAN_TensorFlow/input/forest2deforest/trainA/nat310.jpg,CycleGAN_TensorFlow/input/forest2deforest/trainB/gettyimages-155369146-2048x2048.jpg
CycleGAN_TensorFlow/input/forest2deforest/trainA/cdmc101.jpg,CycleGAN_TensorFlow/input/forest2deforest/trainB/gettyimages-1061387552-2048x2048.jpg
CycleGAN_TensorFlow/input/forest2deforest/trainA/cdmc277.jpg,CycleGAN_TensorFlow/input/forest2deforest/trainB/gettyimages-457249098-2048x2048.jpg
CycleGAN_TensorFlow/input/forest2deforest/trainA/nat1266.jpg,CycleGAN_TensorFlow/input/forest2deforest/trainB/gettyimages-90111445-2048x2048.jpg
CycleGAN_TensorFlow/input/forest2deforest/trainA/for148.jpg,CycleGAN_TensorFlow/input/forest2deforest/trainB/gettyimages-172356558-2048x2048.jpg
CycleGAN_TensorFlow/input/forest2deforest/trainA/moun46.jpg,CycleGAN_TensorFlow/input/forest2deforest/trainB/gettyimages-915402754-2048x2048.jpg
CycleGAN_TensorFlow/input/forest2deforest/trainA/nat260.jpg,CycleGAN_TensorFlow/input/forest2deforest/trainB/gettyimages-655648754-2048x2048.jpg
CycleGAN_TensorFlow/input/forest2deforest/trainA/natu847.jpg,CycleGAN_TensorFlow/input/forest2deforest/trainB/gettyimages-739381069-2048x2048.jpg
CycleGAN_TensorFlow/input/forest2deforest/trainA/nat1128.jpg,CycleGAN_TensorFlow/input/forest2deforest/trainB/gettyimages-155148292-2048x2048.jpg
CycleGAN_TensorFlow/input/forest2deforest/trainA/bost190.jpg,CycleGAN_TensorFlow/input/forest2deforest/trainB/gettyimages-172362987-2048x2048.jpg
CycleGAN_TensorFlow/input/forest2deforest/trainA/cdmc313.jpg,CycleGAN_TensorFlow/input/forest2deforest/trainB/gettyimages-514445875-2048x2048.jpg
CycleGAN_TensorFlow/input/forest2deforest/trainA/land867.jpg,CycleGAN_TensorFlow/input/forest2deforest/trainB/gettyimages-926966334-2048x2048.jpg
CycleGAN_TensorFlow/input/forest2deforest/trainA/land873.jpg,CycleGAN_TensorFlow/input/forest2deforest/trainB/gettyimages-960857248-2048x2048.jpg
CycleGAN_TensorFlow/input/forest2deforest/trainA/nat328.jpg,CycleGAN_TensorFlow/input/forest2deforest/trainB/gettyimages-84297386-2048x2048.jpg
CycleGAN_TensorFlow/input/forest2deforest/trainA/nat315.jpg,CycleGAN_TensorFlow/input/forest2deforest/trainB/gettyimages-462437532-2048x2048.jpg
CycleGAN_TensorFlow/input/forest2deforest/trainA/land872.jpg,CycleGAN_TensorFlow/input/forest2deforest/trainB/gettyimages-462376826-2048x2048.jpg
CycleGAN_TensorFlow/input/forest2deforest/trainA/cdmc306.jpg,CycleGAN_TensorFlow/input/forest2deforest/trainB/gettyimages-724349137-2048x2048.jpg
CycleGAN_TensorFlow/input/forest2deforest/trainA/land866.jpg,CycleGAN_TensorFlow/input/forest2deforest/trainB/gettyimages-108174901-2048x2048.jpg
CycleGAN_TensorFlow/input/forest2deforest/trainA/natc52.jpg,CycleGAN_TensorFlow/input/forest2deforest/trainB/gettyimages-647347451-2048x2048.jpg
CycleGAN_TensorFlow/input/forest2deforest/trainA/bost98.jpg,CycleGAN_TensorFlow/input/forest2deforest/trainB/gettyimages-960985658-2048x2048.jpg
CycleGAN_TensorFlow/input/forest2deforest/trainA/natu846.jpg,CycleGAN_TensorFlow/input/forest2deforest/trainB/gettyimages-457249038-2048x2048.jpg
CycleGAN_TensorFlow/input/forest2deforest/trainA/for17.jpg,CycleGAN_TensorFlow/input/forest2deforest/trainB/gettyimages-108279109-2048x2048.jpg
CycleGAN_TensorFlow/input/forest2deforest/trainA/land245.jpg,CycleGAN_TensorFlow/input/forest2deforest/trainB/gettyimages-474928137-2048x2048.jpg
CycleGAN_TensorFlow/input/forest2deforest/trainA/natu15.jpg,CycleGAN_TensorFlow/input/forest2deforest/trainB/gettyimages-116354999-2048x2048.jpg
CycleGAN_TensorFlow/input/forest2deforest/trainA/natu29.jpg,CycleGAN_TensorFlow/input/forest2deforest/trainB/gettyimages-959485258-2048x2048.jpg
CycleGAN_TensorFlow/input/forest2deforest/trainA/nat263.jpg,CycleGAN_TensorFlow/input/forest2deforest/trainB/gettyimages-546212211-2048x2048.jpg
CycleGAN_TensorFlow/input/forest2deforest/trainA/natu850.jpg,CycleGAN_TensorFlow/input/forest2deforest/trainB/gettyimages-157482383-2048x2048.jpg
CycleGAN_TensorFlow/input/forest2deforest/trainA/for15.jpg,CycleGAN_TensorFlow/input/forest2deforest/trainB/gettyimages-115969525-2048x2048.jpg
CycleGAN_TensorFlow/input/forest2deforest/trainA/nat1088.jpg,CycleGAN_TensorFlow/input/forest2deforest/trainB/gettyimages-514828410-2048x2048.jpg
CycleGAN_TensorFlow/input/forest2deforest/trainA/land870.jpg,CycleGAN_TensorFlow/input/forest2deforest/trainB/gettyimages-1074282038-2048x2048.jpg
CycleGAN_TensorFlow/input/forest2deforest/trainA/land864.jpg,CycleGAN_TensorFlow/input/forest2deforest/trainB/gettyimages-517985328-2048x2048.jpg
CycleGAN_TensorFlow/input/forest2deforest/trainA/cdmc338.jpg,CycleGAN_TensorFlow/input/forest2deforest/trainB/gettyimages-553396163-2048x2048.jpg
CycleGAN_TensorFlow/input/forest2deforest/trainA/land858.jpg,CycleGAN_TensorFlow/input/forest2deforest/trainB/gettyimages-767999919-2048x2048.jpg
CycleGAN_TensorFlow/input/forest2deforest/trainA/nat470.jpg,CycleGAN_TensorFlow/input/forest2deforest/trainB/gettyimages-861414484-2048x2048.jpg
CycleGAN_TensorFlow/input/forest2deforest/trainA/land871.jpg,CycleGAN_TensorFlow/input/forest2deforest/trainB/gettyimages-452167580-2048x2048.jpg
CycleGAN_TensorFlow/input/forest2deforest/trainA/for28.jpg,CycleGAN_TensorFlow/input/forest2deforest/trainB/gettyimages-113861139-2048x2048.jpg
CycleGAN_TensorFlow/input/forest2deforest/trainA/cdmc271.jpg,CycleGAN_TensorFlow/input/forest2deforest/trainB/gettyimages-452167584-2048x2048.jpg
CycleGAN_TensorFlow/input/forest2deforest/trainA/nat1248.jpg,CycleGAN_TensorFlow/input/forest2deforest/trainB/gettyimages-530054705-2048x2048.jpg
CycleGAN_TensorFlow/input/forest2deforest/trainA/natu28.jpg,CycleGAN_TensorFlow/input/forest2deforest/trainB/gettyimages-608984671-2048x2048.jpg
CycleGAN_TensorFlow/input/forest2deforest/trainA/natu361.jpg,CycleGAN_TensorFlow/input/forest2deforest/trainB/gettyimages-679099076-2048x2048.jpg
CycleGAN_TensorFlow/input/forest2deforest/trainA/nat205.jpg,CycleGAN_TensorFlow/input/forest2deforest/trainB/gettyimages-162912600-2048x2048.jpg
CycleGAN_TensorFlow/input/forest2deforest/trainA/nat211.jpg,CycleGAN_TensorFlow/input/forest2deforest/trainB/gettyimages-115951591-2048x2048.jpg
CycleGAN_TensorFlow/input/forest2deforest/trainA/nat239.jpg,CycleGAN_TensorFlow/input/forest2deforest/trainB/gettyimages-888361942-2048x2048.jpg
CycleGAN_TensorFlow/input/forest2deforest/trainA/natu611.jpg,CycleGAN_TensorFlow/input/forest2deforest/trainB/gettyimages-522877233-2048x2048.jpg
CycleGAN_TensorFlow/input/forest2deforest/trainA/natu163.jpg,CycleGAN_TensorFlow/input/forest2deforest/trainB/gettyimages-869122836-2048x2048.jpg
CycleGAN_TensorFlow/input/forest2deforest/trainA/nat946.jpg,CycleGAN_TensorFlow/input/forest2deforest/trainB/gettyimages-997674492-2048x2048.jpg
CycleGAN_TensorFlow/input/forest2deforest/trainA/for67.jpg,CycleGAN_TensorFlow/input/forest2deforest/trainB/gettyimages-457249010-2048x2048.jpg
CycleGAN_TensorFlow/input/forest2deforest/trainA/nat417.jpg,CycleGAN_TensorFlow/input/forest2deforest/trainB/gettyimages-1072548860-2048x2048.jpg
CycleGAN_TensorFlow/input/forest2deforest/trainA/nat359.jpg,CycleGAN_TensorFlow/input/forest2deforest/trainB/gettyimages-523641236-2048x2048.jpg
CycleGAN_TensorFlow/input/forest2deforest/trainA/cdmc377.jpg,CycleGAN_TensorFlow/input/forest2deforest/trainB/gettyimages-932946844-2048x2048.jpg
CycleGAN_TensorFlow/input/forest2deforest/trainA/cdmc363.jpg,CycleGAN_TensorFlow/input/forest2deforest/trainB/gettyimages-760286911-2048x2048.jpg
CycleGAN_TensorFlow/input/forest2deforest/trainA/natc37.jpg,CycleGAN_TensorFlow/input/forest2deforest/trainB/gettyimages-964712744-2048x2048.jpg
CycleGAN_TensorFlow/input/forest2deforest/trainA/cdmc388.jpg,CycleGAN_TensorFlow/input/forest2deforest/trainB/gettyimages-899890710-2048x2048.jpg
CycleGAN_TensorFlow/input/forest2deforest/trainA/nat210.jpg,CycleGAN_TensorFlow/input/forest2deforest/trainB/gettyimages-997679260-2048x2048.jpg
CycleGAN_TensorFlow/input/forest2deforest/trainA/nat204.jpg,CycleGAN_TensorFlow/input/forest2deforest/trainB/gettyimages-115959126-2048x2048.jpg
CycleGAN_TensorFlow/input/forest2deforest/trainA/for114.jpg,CycleGAN_TensorFlow/input/forest2deforest/trainB/gettyimages-982369772-2048x2048.jpg
CycleGAN_TensorFlow/input/forest2deforest/trainA/natu72.jpg,CycleGAN_TensorFlow/input/forest2deforest/trainB/gettyimages-959481608-2048x2048.jpg
CycleGAN_TensorFlow/input/forest2deforest/trainA/for102.jpg,CycleGAN_TensorFlow/input/forest2deforest/trainB/gettyimages-148045862-2048x2048.jpg
CycleGAN_TensorFlow/input/forest2deforest/trainA/for116.jpg,CycleGAN_TensorFlow/input/forest2deforest/trainB/gettyimages-165855471-2048x2048.jpg
CycleGAN_TensorFlow/input/forest2deforest/trainA/nat212.jpg,CycleGAN_TensorFlow/input/forest2deforest/trainB/gettyimages-861414508-2048x2048.jpg
CycleGAN_TensorFlow/input/forest2deforest/trainA/land222.jpg,CycleGAN_TensorFlow/input/forest2deforest/trainB/gettyimages-115949132-2048x2048.jpg
CycleGAN_TensorFlow/input/forest2deforest/trainA/for58.jpg,CycleGAN_TensorFlow/input/forest2deforest/trainB/gettyimages-539236037-2048x2048.jpg
CycleGAN_TensorFlow/input/forest2deforest/trainA/art114.jpg,CycleGAN_TensorFlow/input/forest2deforest/trainB/gettyimages-78052732-2048x2048.jpg
CycleGAN_TensorFlow/input/forest2deforest/trainA/nat400.jpg,CycleGAN_TensorFlow/input/forest2deforest/trainB/gettyimages-98261961-2048x2048.jpg
CycleGAN_TensorFlow/input/forest2deforest/trainA/cdmc375.jpg,CycleGAN_TensorFlow/input/forest2deforest/trainB/gettyimages-170034365-2048x2048.jpg
CycleGAN_TensorFlow/input/forest2deforest/trainA/land801.jpg,CycleGAN_TensorFlow/input/forest2deforest/trainB/gettyimages-165513132-2048x2048.jpg
CycleGAN_TensorFlow/input/forest2deforest/trainA/nat373.jpg,CycleGAN_TensorFlow/input/forest2deforest/trainB/gettyimages-116175094-2048x2048.jpg
CycleGAN_TensorFlow/input/forest2deforest/trainA/cdmc348.jpg,CycleGAN_TensorFlow/input/forest2deforest/trainB/gettyimages-562405181-2048x2048.jpg
CycleGAN_TensorFlow/input/forest2deforest/trainA/nat367.jpg,CycleGAN_TensorFlow/input/forest2deforest/trainB/gettyimages-1070042232-2048x2048.jpg
CycleGAN_TensorFlow/input/forest2deforest/trainA/nat398.jpg,CycleGAN_TensorFlow/input/forest2deforest/trainB/gettyimages-113218543-2048x2048.jpg
CycleGAN_TensorFlow/input/forest2deforest/trainA/for65.jpg,CycleGAN_TensorFlow/input/forest2deforest/trainB/gettyimages-91090755-2048x2048.jpg
CycleGAN_TensorFlow/input/forest2deforest/trainA/nat763.jpg,CycleGAN_TensorFlow/input/forest2deforest/trainB/gettyimages-462437570-2048x2048.jpg
CycleGAN_TensorFlow/input/forest2deforest/trainA/natu161.jpg,CycleGAN_TensorFlow/input/forest2deforest/trainB/gettyimages-803571800-2048x2048.jpg
CycleGAN_TensorFlow/input/forest2deforest/trainA/natu439.jpg,CycleGAN_TensorFlow/input/forest2deforest/trainB/gettyimages-627792180-2048x2048.jpg
CycleGAN_TensorFlow/input/forest2deforest/trainA/natu2.jpg,CycleGAN_TensorFlow/input/forest2deforest/trainB/gettyimages-944238886-2048x2048.jpg
CycleGAN_TensorFlow/input/forest2deforest/trainA/cdmc562.jpg,CycleGAN_TensorFlow/input/forest2deforest/trainB/gettyimages-117016345-2048x2048.jpg
CycleGAN_TensorFlow/input/forest2deforest/trainA/nat203.jpg,CycleGAN_TensorFlow/input/forest2deforest/trainB/gettyimages-116383317-2048x2048.jpg
CycleGAN_TensorFlow/input/forest2deforest/trainA/nat798.jpg,CycleGAN_TensorFlow/input/forest2deforest/trainB/gettyimages-172230290-2048x2048.jpg
CycleGAN_TensorFlow/input/forest2deforest/trainA/land810.jpg,CycleGAN_TensorFlow/input/forest2deforest/trainB/gettyimages-500636285-2048x2048.jpg
CycleGAN_TensorFlow/input/forest2deforest/trainA/cdmc358.jpg,CycleGAN_TensorFlow/input/forest2deforest/trainB/gettyimages-174624338-2048x2048.jpg
CycleGAN_TensorFlow/input/forest2deforest/trainA/cdmc359.jpg,CycleGAN_TensorFlow/input/forest2deforest/trainB/gettyimages-158650811-2048x2048.jpg
CycleGAN_TensorFlow/input/forest2deforest/trainA/nat835.jpg,CycleGAN_TensorFlow/input/forest2deforest/trainB/gettyimages-532970068-2048x2048.jpg
CycleGAN_TensorFlow/input/forest2deforest/trainA/nat982.jpg,CycleGAN_TensorFlow/input/forest2deforest/trainB/gettyimages-753911687-2048x2048.jpg
CycleGAN_TensorFlow/input/forest2deforest/trainA/for60.jpg,CycleGAN_TensorFlow/input/forest2deforest/trainB/gettyimages-952042466-2048x2048.jpg
CycleGAN_TensorFlow/input/forest2deforest/trainA/natu170.jpg,CycleGAN_TensorFlow/input/forest2deforest/trainB/gettyimages-543729364-2048x2048.jpg
CycleGAN_TensorFlow/input/forest2deforest/trainA/natu164.jpg,CycleGAN_TensorFlow/input/forest2deforest/trainB/gettyimages-861414566-2048x2048.jpg
CycleGAN_TensorFlow/input/forest2deforest/trainA/natu158.jpg,CycleGAN_TensorFlow/input/forest2deforest/trainB/gettyimages-866909022-2048x2048.jpg
CycleGAN_TensorFlow/input/forest2deforest/trainA/for112.jpg,CycleGAN_TensorFlow/input/forest2deforest/trainB/gettyimages-172332052-2048x2048.jpg
CycleGAN_TensorFlow/input/forest2deforest/trainA/natu428.jpg,CycleGAN_TensorFlow/input/forest2deforest/trainB/gettyimages-803571810-2048x2048.jpg
CycleGAN_TensorFlow/input/forest2deforest/trainA/for106.jpg,CycleGAN_TensorFlow/input/forest2deforest/trainB/gettyimages-1077163102-2048x2048.jpg
CycleGAN_TensorFlow/input/forest2deforest/trainA/for110.jpg,CycleGAN_TensorFlow/input/forest2deforest/trainB/gettyimages-462437560-2048x2048.jpg
CycleGAN_TensorFlow/input/forest2deforest/trainA/n18075.jpg,CycleGAN_TensorFlow/input/forest2deforest/trainB/gettyimages-981949180-2048x2048.jpg
CycleGAN_TensorFlow/input/forest2deforest/trainA/natu402.jpg,CycleGAN_TensorFlow/input/forest2deforest/trainB/gettyimages-1069691154-2048x2048.jpg
CycleGAN_TensorFlow/input/forest2deforest/trainA/nat228.jpg,CycleGAN_TensorFlow/input/forest2deforest/trainB/gettyimages-919452424-2048x2048.jpg
CycleGAN_TensorFlow/input/forest2deforest/trainA/natu172.jpg,CycleGAN_TensorFlow/input/forest2deforest/trainB/gettyimages-692955783-2048x2048.jpg
CycleGAN_TensorFlow/input/forest2deforest/trainA/land224.jpg,CycleGAN_TensorFlow/input/forest2deforest/trainB/gettyimages-115956681-2048x2048.jpg
CycleGAN_TensorFlow/input/forest2deforest/trainA/nat162.jpg,CycleGAN_TensorFlow/input/forest2deforest/trainB/gettyimages-154948938-2048x2048.jpg
CycleGAN_TensorFlow/input/forest2deforest/trainA/land807.jpg,CycleGAN_TensorFlow/input/forest2deforest/trainB/gettyimages-123252122-2048x2048.jpg
CycleGAN_TensorFlow/input/forest2deforest/trainA/cdmc415.jpg,CycleGAN_TensorFlow/input/forest2deforest/trainB/gettyimages-172166662-2048x2048.jpg
CycleGAN_TensorFlow/input/forest2deforest/trainA/nat360.jpg,CycleGAN_TensorFlow/input/forest2deforest/trainB/gettyimages-803531430-2048x2048.jpg
CycleGAN_TensorFlow/input/forest2deforest/trainA/nat361.jpg,CycleGAN_TensorFlow/input/forest2deforest/trainB/gettyimages-1011305192-2048x2048.jpg
CycleGAN_TensorFlow/input/forest2deforest/trainA/cdmc414.jpg,CycleGAN_TensorFlow/input/forest2deforest/trainB/gettyimages-180441486-2048x2048.jpg
CycleGAN_TensorFlow/input/forest2deforest/trainA/nat349.jpg,CycleGAN_TensorFlow/input/forest2deforest/trainB/gettyimages-885378036-2048x2048.jpg
CycleGAN_TensorFlow/input/forest2deforest/trainA/for77.jpg,CycleGAN_TensorFlow/input/forest2deforest/trainB/gettyimages-869462600-2048x2048.jpg
CycleGAN_TensorFlow/input/forest2deforest/trainA/for63.jpg,CycleGAN_TensorFlow/input/forest2deforest/trainB/gettyimages-72328910-2048x2048.jpg
CycleGAN_TensorFlow/input/forest2deforest/trainA/land219.jpg,CycleGAN_TensorFlow/input/forest2deforest/trainB/gettyimages-108279104-2048x2048.jpg
CycleGAN_TensorFlow/input/forest2deforest/trainA/land741.jpg,CycleGAN_TensorFlow/input/forest2deforest/trainB/gettyimages-1072438388-2048x2048.jpg
CycleGAN_TensorFlow/input/forest2deforest/trainA/for105.jpg,CycleGAN_TensorFlow/input/forest2deforest/trainB/gettyimages-86484234-2048x2048.jpg
CycleGAN_TensorFlow/input/forest2deforest/trainA/nat1217.jpg,CycleGAN_TensorFlow/input/forest2deforest/trainB/gettyimages-155369146-2048x2048.jpg
